INSERT INTO user (ID, FIRSTNAME, USERNAME, PASSWORD, ROLE, MIDDLENAME, LASTNAME, EMAIL, TEAM, CLUSTER)
VALUES (1, 'Ziegfreid Morissey', 'flamezi', '$2a$11$gdMbSMmaAu.bQABO.rbrW.IppGeIsA9KHxGZUCVZTcaVSDAxljT3K', 'EMPLOYEE', null, 'Flameño', 'flamezi@oocl.com', 'ISD', 'SHIPMENT SERVICES');
INSERT INTO user (ID, FIRSTNAME, USERNAME, PASSWORD, ROLE, MIDDLENAME, LASTNAME, EMAIL, TEAM, CLUSTER)
VALUES (2, 'Aljun', 'dequial', '$2a$11$gdMbSMmaAu.bQABO.rbrW.IppGeIsA9KHxGZUCVZTcaVSDAxljT3K', 'EMPLOYEE', null, 'Dequilla', 'dequial@oocl.com', 'ISD', 'SHIPMENT SERVICES');
INSERT INTO user (ID, FIRSTNAME, USERNAME, PASSWORD, ROLE, MIDDLENAME, LASTNAME, EMAIL, TEAM, CLUSTER)
VALUES (3, 'Gene Anthony', 'kadange', '$2a$11$gdMbSMmaAu.bQABO.rbrW.IppGeIsA9KHxGZUCVZTcaVSDAxljT3K', 'EMPLOYEE', null, 'Kadano', 'kadange@oocl.com', 'ISD', 'SHIPMENT SERVICES');
INSERT INTO user (ID, FIRSTNAME, USERNAME, PASSWORD, ROLE, MIDDLENAME, LASTNAME, EMAIL, TEAM, CLUSTER)
VALUES (4, 'Dennis', 'daluzde', '$2a$11$gdMbSMmaAu.bQABO.rbrW.IppGeIsA9KHxGZUCVZTcaVSDAxljT3K', 'APPROVER', null, 'Daluz', 'daluzde@oocl.com', 'ISD', 'SHIPMENT SERVICES');

INSERT INTO milestone (ID, USER_ID, CREATED_DATE, VOYAGE, POINTS)
VALUES (1, 1, '2019-07-26', 1, 18);
INSERT INTO milestone (ID, USER_ID, CREATED_DATE, VOYAGE, POINTS)
VALUES (2, 2, '2019-07-26', 0, 0);
INSERT INTO milestone (ID, USER_ID, CREATED_DATE, VOYAGE, POINTS)
VALUES (3, 3, '2019-07-26', 0, 0);
INSERT INTO milestone (ID, USER_ID, CREATED_DATE, VOYAGE, POINTS)
VALUES (4, 4, '2019-07-26', 0, 0);

INSERT INTO award (ID, AWARDEE_USER_ID, REQUESTOR_USER_ID, REQUESTOR_TEAM, IS_SUPERVISOR, AWARDEE_TEAM, ATTRIBUTES, REMARKS, APPROVAL_STATUS, APPROVAL_DATE, REJECTION_REMARKS, POINTS, AWARDEE_CLUSTER, REQUESTOR_CLUSTER, REQUESTED_DATE)
VALUES (1, 1, 1, 'N2C3', 1, 'N2C3', 'OTHER ATTRIBUTE1, OTHER ATTRIBUTE2', 'sample remarks555', 'PENDING', null, null, 1, 'SHIPMENT SERVICES', 'SHIPMENT SERVICES', '20190803');
INSERT INTO award (ID, AWARDEE_USER_ID, REQUESTOR_USER_ID, REQUESTOR_TEAM, IS_SUPERVISOR, AWARDEE_TEAM, ATTRIBUTES, REMARKS, APPROVAL_STATUS, APPROVAL_DATE, REJECTION_REMARKS, POINTS, AWARDEE_CLUSTER, REQUESTOR_CLUSTER, REQUESTED_DATE)
VALUES (2, 1, 2, 'N2C3', 0, 'N2C3', 'OTHER ATTRIBUTE1, OTHER ATTRIBUTE2', 'sample remarks555', 'PENDING', null, null, 1, 'SHIPMENT SERVICES', 'SHIPMENT SERVICES', '20190803');
INSERT INTO award (ID, AWARDEE_USER_ID, REQUESTOR_USER_ID, REQUESTOR_TEAM, IS_SUPERVISOR, AWARDEE_TEAM, ATTRIBUTES, REMARKS, APPROVAL_STATUS, APPROVAL_DATE, REJECTION_REMARKS, POINTS, AWARDEE_CLUSTER, REQUESTOR_CLUSTER, REQUESTED_DATE)
VALUES (3, 2, 4, 'N2C3', 0, 'N2C3', 'OTHER ATTRIBUTE1, OTHER ATTRIBUTE2', 'sample remarks555', 'PENDING', null, null, 1, 'SHIPMENT SERVICES', 'SHIPMENT SERVICES', '20190803');
INSERT INTO award (ID, AWARDEE_USER_ID, REQUESTOR_USER_ID, REQUESTOR_TEAM, IS_SUPERVISOR, AWARDEE_TEAM, ATTRIBUTES, REMARKS, APPROVAL_STATUS, APPROVAL_DATE, REJECTION_REMARKS, POINTS, AWARDEE_CLUSTER, REQUESTOR_CLUSTER, REQUESTED_DATE)
VALUES (4, 3, 4, 'N2C3', 1, 'N2C3', 'OTHER ATTRIBUTE1, OTHER ATTRIBUTE2', 'sample remarks555', 'PENDING', null, null, 1, 'SHIPMENT SERVICES', 'SHIPMENT SERVICES', '20190803');